2,2023-02-16 09:16:46.990000,,2023-02-17 09:00:00,N,36.31180142985888,127.25957737579188,대전 유성구 세동 산 79,2023-02-16 09:02:06,987
7,2023-02-16 09:56:50.534000,,2023-02-16 15:00:00,N,36.29071872660756,127.33057354562672,대전 서구 관저동 2023,2023-02-16 09:02:01,992
12,2023-02-16 10:10:05,,2023-02-17 18:00:00,N,36.35019752,127.2967103,대전 유성구 덕명동 154-3,2023-02-16 09:57:45,4
14,2023-02-16 10:10:05,,2023-02-17 18:00:00,N,36.35019752,127.2967103,대전 유성구 덕명동 154-3,2023-02-16 09:57:45,5
18,2023-02-16 10:10:05,,2023-02-17 18:00:00,N,36.3509928,127.297082,대전 유성구 덕명동 142-14,2023-02-16 09:57:45,2
22,2023-02-16 10:10:05,,2023-02-17 18:00:00,N,36.3500257,127.2966116,대전 유성구 덕명동 154-6,2023-02-16 09:57:45,6
23,2023-02-16 10:10:05,,2023-02-17 18:00:00,N,36.34703999,127.2961706,대전 유성구 덕명동 594-2,2023-02-16 09:57:45,9
24,2023-02-16 10:10:05,,2023-02-17 18:00:00,N,36.35019752,127.2967103,대전 유성구 덕명동 154-3,2023-02-16 09:57:45,3
36,2023-02-16 10:10:05,,2023-02-17 18:00:00,N,36.34529902,127.3051432,대전 유성구 덕명동 16-1,2023-02-16 09:57:45,7
37,2023-02-16 10:10:05,,2023-02-17 18:00:00,N,36.34848046,127.2959125,대전 유성구 덕명동 176-25,2023-02-16 09:57:45,8
43,2023-02-16 10:10:05,,2023-02-17 18:00:00,N,36.39589216,127.3109247,대전 유성구 반석동 612,2023-02-16 10:10:05,11
46,2023-02-16 10:10:05,,2023-02-17 18:00:00,N,36.38647572,127.3158899,대전 유성구 지족동 992,2023-02-16 10:10:05,12
47,2023-02-16 10:10:05,,2023-02-17 18:00:00,N,36.36679509,127.3179009,대전 유성구 노은동 566,2023-02-16 10:10:05,13
49,2023-02-16 10:10:05,,2023-02-17 18:00:00,N,36.37972871,127.3259799,대전 유성구 죽동 624-1,2023-02-16 10:10:05,14
61,2023-02-16 10:10:05,,2023-02-17 18:00:00,N,36.40055708,127.3134477,대전 유성구 외삼동 203-1,2023-02-16 10:10:05,15
62,2023-02-16 10:10:05,,2023-02-17 18:00:00,N,36.36540267,127.3171108,대전 유성구 노은동 562-1,2023-02-16 10:10:05,16
63,2023-02-16 10:10:05,,2023-02-17 18:00:00,N,36.38435396,127.3215373,대전 유성구 하기동 519,2023-02-16 10:10:05,17
68,2023-02-16 10:10:05,,2023-02-17 18:00:00,N,36.37512681,127.3249943,대전 유성구 지족동 923,2023-02-16 10:10:05,19
74,2023-02-16 10:10:05,,2023-02-17 18:00:00,N,36.38799343,127.3071377,대전 유성구 지족동 1096-8,2023-02-16 10:10:05,20
81,2023-02-16 10:10:05,,2023-02-17 18:00:00,N,36.39046675,127.3315499,대전 유성구 하기동 546,2023-02-16 10:10:05,21
82,2023-02-16 10:10:05,,2023-02-17 18:00:00,N,36.38435396,127.3215373,대전 유성구 하기동 519,2023-02-16 10:10:05,22
91,2023-02-16 10:10:05,,2023-02-17 18:00:00,N,36.37074181,127.3146235,대전 유성구 노은동 378,2023-02-16 10:10:05,23
93,2023-02-16 10:10:05,,2023-02-17 18:00:00,N,36.363081,127.2929284,대전 유성구 갑동 387-35,2023-02-16 10:10:05,24
94,2023-02-16 10:10:05,,2023-02-17 18:00:00,N,36.36585494,127.3189789,대전 유성구 노은동 566,2023-02-16 10:10:05,25
106,2023-02-16 10:10:05,,2023-02-17 18:00:00,N,36.39567416,127.3137581,대전 유성구 반석동 89,2023-02-16 10:10:05,26
110,2023-02-16 10:10:05,,2023-02-17 18:00:00,N,36.38719409,127.3249346,대전 유성구 하기동 540-5,2023-02-16 10:10:05,27
146,2023-02-16 10:28:17,,2023-02-17 18:00:00,N,36.32451692,127.4295785,대전 중구 대흥동 118-5,2023-02-16 10:28:17,28
152,2023-02-16 10:28:17,,2023-02-17 18:00:00,N,36.30725111,127.3987708,대전 중구 문화동 569-15,2023-02-16 10:28:17,29
154,2023-02-16 10:28:17,,2023-02-17 18:00:00,N,36.31555437,127.3886399,대전 중구 유천동 339-3,2023-02-16 10:28:17,30
155,2023-02-16 10:28:17,,2023-02-17 18:00:00,N,36.31517132,127.437275,대전 중구 문창동 120-21,2023-02-16 10:28:17,31
161,2023-02-16 10:28:17,,2023-02-17 18:00:00,N,36.31627506,127.4137691,대전 중구 문화동 6,2023-02-16 10:28:17,32
164,2023-02-16 10:28:17,,2023-02-17 18:00:00,N,36.34167139,127.4099027,대전 중구 중촌동 87-10,2023-02-16 10:28:17,33
168,2023-02-16 10:28:17,,2023-02-17 18:00:00,N,36.31772832,127.4123884,대전 중구 문화동 1-3,2023-02-16 10:28:17,34
171,2023-02-16 10:28:17,,2023-02-17 18:00:00,N,36.33331895,127.4085176,대전 중구 목동 21-32,2023-02-16 10:28:17,35
173,2023-02-16 10:28:17,,2023-02-17 18:00:00,N,36.31122323,127.3965021,대전 중구 문화동 677-1,2023-02-16 10:28:17,36
175,2023-02-16 10:28:17,,2023-02-17 18:00:00,N,36.31806065,127.4288905,대전 중구 대사동 84-13,2023-02-16 10:28:17,37
176,2023-02-16 10:28:17,,2023-02-17 18:00:00,N,36.32791524,127.4278162,대전 중구 은행동 33-9,2023-02-16 10:28:17,38
185,2023-02-16 10:28:17,,2023-02-17 18:00:00,N,36.34065794,127.4127398,대전 중구 중촌동 96-2,2023-02-16 10:28:17,39
190,2023-02-16 10:28:17,,2023-02-17 18:00:00,N,36.31094241,127.4106688,대전 중구 문화동 125-4,2023-02-16 10:28:17,40
199,2023-02-16 10:28:17,,2023-02-17 18:00:00,N,36.32431611,127.4196898,대전 중구 대흥동 521-3,2023-02-16 10:28:17,41
201,2023-02-16 10:28:17,,2023-02-17 18:00:00,N,36.31362817,127.4311389,대전 중구 부사동 138-8,2023-02-16 10:28:17,42
202,2023-02-16 10:28:17,,2023-02-17 18:00:00,N,36.31418955,127.4354891,대전 중구 부사동 148-7,2023-02-16 10:28:17,43
203,2023-02-16 10:39:05.368000,,2023-02-13 06:13:02,N,36.3535625617094,127.29946647530814,제주제주 중구 5,2023-02-11 10:30:00,993
204,2023-02-16 11:56:28.295000,,2023-02-16 18:00:00,N,36.32264510972405,127.30790092565915,대전 유성구 계산동 40-2,2023-02-16 11:02:03,998
206,2023-02-16 11:57:56,,2023-02-17 18:00:00,N,36.33902106,127.3900272,대전 서구 괴정동 426-11,2023-02-16 11:57:56,44
209,2023-02-16 11:57:56,,2023-02-17 18:00:00,N,36.33793608,127.3805894,대전 서구 괴정동 72-4,2023-02-16 11:57:56,45
212,2023-02-16 11:57:56,,2023-02-17 18:00:00,N,36.36361451,127.42234,대전 대덕구 중리동 381-32,2023-02-16 11:57:56,46
217,2023-02-16 11:57:56,,2023-02-17 18:00:00,N,36.31567538,127.4409797,대전 동구 효동 132-3,2023-02-16 11:57:56,47
218,2023-02-16 11:57:56,,2023-02-17 18:00:00,N,36.30865016,127.3745853,대전 서구 복수동 274-1,2023-02-16 11:57:56,48
219,2023-02-16 11:57:56,,2023-02-17 18:00:00,N,36.37884775,127.4209233,대전 대덕구 읍내동 222-1,2023-02-16 11:57:56,49
221,2023-02-16 11:57:56,,2023-02-17 18:00:00,N,36.3334682,127.3792992,대전 서구 내동 18-34,2023-02-16 11:57:56,50
222,2023-02-16 11:57:56,,2023-02-17 18:00:00,N,36.348221,127.3914372,대전 서구 탄방동 834,2023-02-16 11:57:56,51
230,2023-02-16 11:57:56,,2023-02-17 18:00:00,N,36.34918851,127.4477592,대전 동구 가양동 38-24,2023-02-16 11:57:56,52
233,2023-02-16 11:57:56,,2023-02-17 18:00:00,N,36.35632181,127.4146055,대전 대덕구 오정동 97-15,2023-02-16 11:57:56,53
246,2023-02-16 11:57:56,,2023-02-17 18:00:00,N,36.29754009,127.378504,대전 서구 복수동 851,2023-02-16 11:57:56,54
250,2023-02-16 11:57:56,,2023-02-17 18:00:00,N,36.30487022,127.3552298,대전 서구 가수원동 191-1,2023-02-16 11:57:56,55
252,2023-02-16 11:57:56,,2023-02-17 18:00:00,N,36.33536319,127.3728458,대전 서구 내동 173-2,2023-02-16 11:57:56,56
258,2023-02-16 11:57:56,,2023-02-17 18:00:00,N,36.34427606,127.4437388,대전 동구 가양동 412-1,2023-02-16 11:57:56,57
262,2023-02-16 11:57:56,,2023-02-17 18:00:00,N,36.36352334,127.4128801,대전 대덕구 대화동 243-6,2023-02-16 11:57:56,58
263,2023-02-16 11:57:56,,2023-02-17 18:00:00,N,36.35959023,127.4307489,대전 대덕구 중리동 185-10,2023-02-16 11:57:56,59
268,2023-02-16 11:57:56,,2023-02-17 18:00:00,N,36.33715004,127.3942748,대전 서구 용문동 256-34,2023-02-16 11:57:56,60
278,2023-02-16 11:57:56,,2023-02-17 18:00:00,N,36.36092497,127.4290455,대전 대덕구 중리동 196-3,2023-02-16 11:57:56,61
284,2023-02-16 11:57:56,,2023-02-17 18:00:00,N,36.36505358,127.4235997,대전 대덕구 중리동 365-34,2023-02-16 11:57:56,62
286,2023-02-16 11:57:56,,2023-02-17 18:00:00,N,36.33602482,127.396322,대전 서구 용문동 247-11,2023-02-16 11:57:56,63
300,2023-02-16 11:57:56,,2023-02-17 18:00:00,N,36.34517635,127.4513302,대전 동구 가양동 168-22,2023-02-16 11:57:56,64
303,2023-02-16 11:57:56,,2023-02-17 18:00:00,N,36.34430421,127.4420452,대전 동구 가양동 437-36,2023-02-16 11:57:56,65
307,2023-02-16 11:57:56,,2023-02-17 18:00:00,N,36.33527973,127.3827825,대전 서구 괴정동 89-1,2023-02-16 11:57:56,66
311,2023-02-16 12:13:22.886000,,2023-02-17 12:00:00,N,36.27240258185561,127.26526196039595,충남 계룡시 두마면 두계리 136-66,2023-02-16 12:02:15,1001
329,2023-02-16 15:11:23.831000,,2023-02-17 00:00:00,N,36.37193079445225,127.37981420801529,대전 서구 만년동 616,2023-02-16 15:02:10,997
331,2023-02-16 15:39:14,,2023-02-17 18:00:00,N,37.52061272,126.9071678,서울 영등포구 영등포동5가 41-1,2023-02-16 15:39:14,67
332,2023-02-16 15:39:14,,2023-02-17 18:00:00,N,37.56685653,127.049018,서울 성동구 용답동 142-11,2023-02-16 15:39:14,68
333,2023-02-16 15:39:14,,2023-02-17 18:00:00,N,37.57184782,126.9935297,서울 종로구 봉익동 43-1,2023-02-16 15:39:14,69
334,2023-02-16 15:39:14,,2023-02-17 18:00:00,N,37.51096718,127.1215202,서울 송파구 방이동 197-3,2023-02-16 15:39:14,70
335,2023-02-16 15:39:14,,2023-02-17 18:00:00,N,37.48837454,126.9913941,서울 서초구 방배동 854-18,2023-02-16 15:39:14,71
336,2023-02-16 15:39:14,,2023-02-17 18:00:00,N,37.48710455,126.9809516,서울 동작구 사당동 139-72,2023-02-16 15:39:14,72
337,2023-02-16 15:39:14,,2023-02-17 18:00:00,N,37.48343578,127.0093822,서울 서초구 서초동 1485-3,2023-02-16 15:39:14,73
338,2023-02-16 15:39:14,,2023-02-17 18:00:00,N,37.52807318,127.0310125,서울 강남구 신사동 615-1,2023-02-16 15:39:14,74
339,2023-02-16 15:39:14,,2023-02-17 18:00:00,N,37.55399577,126.9367174,서울 마포구 노고산동 107-17,2023-02-16 15:39:14,75
340,2023-02-16 15:39:14,,2023-02-17 18:00:00,N,37.6166207,127.0784924,서울 중랑구 묵동 161-23,2023-02-16 15:39:14,76
341,2023-02-16 15:39:14,,2023-02-17 18:00:00,N,37.60589112,126.9223319,서울 은평구 역촌동 17-15,2023-02-16 15:39:14,77
342,2023-02-16 15:39:14,,2023-02-17 18:00:00,N,37.59460271,126.9950125,서울 성북구 성북동 230-1,2023-02-16 15:39:14,78
343,2023-02-16 15:39:14,,2023-02-17 18:00:00,N,37.55619714,127.1594713,서울 강동구 고덕동 693,2023-02-16 15:39:14,79
344,2023-02-16 15:39:14,,2023-02-17 18:00:00,N,37.55068898,126.9198453,서울 마포구 서교동 395-112,2023-02-16 15:39:14,80
345,2023-02-16 15:39:14,,2023-02-17 18:00:00,N,37.51237613,127.1123188,서울 송파구 방이동 106-2,2023-02-16 15:39:14,81
346,2023-02-16 15:39:14,,2023-02-17 18:00:00,N,37.55134003,126.9561643,서울 마포구 아현동 437-3,2023-02-16 15:39:14,82
347,2023-02-16 15:39:14,,2023-02-17 18:00:00,N,37.52913225,126.875987,서울 양천구 목동 917-6,2023-02-16 15:39:14,83
348,2023-02-16 15:39:14,,2023-02-17 18:00:00,N,37.56490119,127.0367839,서울 성동구 행당동 192-29,2023-02-16 15:39:14,84
349,2023-02-16 15:39:14,,2023-02-17 18:00:00,N,37.55841366,126.9440569,서울 서대문구 대현동 37-69,2023-02-16 15:39:14,85
350,2023-02-16 15:39:14,,2023-02-17 18:00:00,N,37.56099569,127.0209653,서울 중구 신당동 851,2023-02-16 15:39:14,86
351,2023-02-16 15:39:14,,2023-02-17 18:00:00,N,37.58314925,127.0001708,서울 종로구 명륜4가 51,2023-02-16 15:39:14,87
352,2023-02-16 15:39:14,,2023-02-17 18:00:00,N,37.49335818,126.9904337,서울 서초구 방배동 796-27,2023-02-16 15:39:14,88
353,2023-02-16 15:39:14,,2023-02-17 18:00:00,N,37.5253214,127.0338764,서울 강남구 신사동 633,2023-02-16 15:39:14,89
354,2023-02-16 15:39:14,,2023-02-17 18:00:00,N,37.53560043,126.878696,서울 양천구 목동 907-17,2023-02-16 15:39:14,90
355,2023-02-16 15:39:14,,2023-02-17 18:00:00,N,37.51363814,127.0189826,서울 서초구 잠원동 29-3,2023-02-16 15:39:14,91
356,2023-02-16 15:39:14,,2023-02-17 18:00:00,N,37.5579773,127.0896732,서울 광진구 중곡동 83-11,2023-02-16 15:39:14,92
357,2023-02-16 15:39:14,,2023-02-17 18:00:00,N,37.51687382,126.8539768,서울 양천구 신정동 1148-12,2023-02-16 15:39:14,93
358,2023-02-16 15:39:14,,2023-02-17 18:00:00,N,37.58913871,126.9440192,서울 서대문구 홍제동 305-3,2023-02-16 15:39:14,94
359,2023-02-16 15:39:14,,2023-02-17 18:00:00,N,37.50642716,127.0068163,서울 서초구 반포동 19-4,2023-02-16 15:39:14,95
360,2023-02-16 15:39:14,,2023-02-17 18:00:00,N,37.54354608,126.947039,서울 마포구 염리동 172-14,2023-02-16 15:39:14,96
361,2023-02-16 15:39:14,,2023-02-17 18:00:00,N,37.55940762,126.9781681,서울 중구 남창동 46-8,2023-02-16 15:39:14,97
362,2023-02-16 15:39:14,,2023-02-17 18:00:00,N,37.50950708,127.0639866,서울 강남구 삼성동 168-12,2023-02-16 15:39:14,98
363,2023-02-16 15:39:14,,2023-02-17 18:00:00,N,37.5002468,127.0253102,서울 서초구 서초동 1307-18,2023-02-16 15:39:14,99
364,2023-02-16 15:39:14,,2023-02-17 18:00:00,N,37.5063879,127.1273423,서울 송파구 오금동 43,2023-02-16 15:39:14,100
365,2023-02-16 15:39:14,,2023-02-17 18:00:00,N,37.50710536,127.0464738,서울 강남구 역삼동 694-25,2023-02-16 15:39:14,101
366,2023-02-16 15:39:14,,2023-02-17 18:00:00,N,37.52877489,127.0352801,서울 강남구 신사동 638-5,2023-02-16 15:39:14,102
367,2023-02-16 15:39:14,,2023-02-17 18:00:00,N,37.52529466,126.955577,서울 용산구 이촌동 203-61,2023-02-16 15:39:14,103
368,2023-02-16 15:39:14,,2023-02-17 18:00:00,N,37.54942104,126.9093388,서울 마포구 합정동 393-18,2023-02-16 15:39:14,104
369,2023-02-16 15:39:14,,2023-02-17 18:00:00,N,37.53042084,127.1300154,서울 강동구 성내동 518-1,2023-02-16 15:39:14,105
370,2023-02-16 15:39:14,,2023-02-17 18:00:00,N,37.60839154,127.0287256,서울 성북구 길음동 20-1,2023-02-16 15:39:14,106
371,2023-02-16 15:39:14,,2023-02-17 18:00:00,N,37.49295693,127.1339897,서울 송파구 가락동 199,2023-02-16 15:39:14,107
372,2023-02-16 15:39:14,,2023-02-17 18:00:00,N,37.49207265,126.9865722,서울 서초구 방배동 790-21,2023-02-16 15:39:14,108
373,2023-02-16 15:39:14,,2023-02-17 18:00:00,N,37.59797212,127.0765708,서울 중랑구 중화동 316-2,2023-02-16 15:39:14,109
374,2023-02-16 15:39:14,,2023-02-17 18:00:00,N,37.49264943,127.0755734,서울 강남구 개포동 12-4,2023-02-16 15:39:14,110
375,2023-02-16 15:39:14,,2023-02-17 18:00:00,N,37.5946407,127.0188034,서울 성북구 동선동4가 294,2023-02-16 15:39:14,111
376,2023-02-16 15:39:14,,2023-02-17 18:00:00,N,37.57627678,127.0219766,서울 종로구 숭인동 1080,2023-02-16 15:39:14,112
377,2023-02-16 15:39:14,,2023-02-17 18:00:00,N,37.53335148,126.9608503,서울 용산구 한강로3가 16-20,2023-02-16 15:39:14,113
378,2023-02-16 15:39:14,,2023-02-17 18:00:00,N,37.48703223,127.0356701,서울 강남구 도곡동 959-3,2023-02-16 15:39:14,114
379,2023-02-16 15:39:14,,2023-02-17 18:00:00,N,37.48365388,126.9270526,서울 관악구 신림동 1639-1,2023-02-16 15:39:14,115
380,2023-02-16 15:39:14,,2023-02-17 18:00:00,N,37.52217146,126.9198946,서울 영등포구 여의도동 28-1,2023-02-16 15:39:14,116
381,2023-02-16 15:39:14,,2023-02-17 18:00:00,N,37.53974918,127.0920336,서울 광진구 구의동 210-21,2023-02-16 15:39:14,117
382,2023-02-16 15:39:14,,2023-02-17 18:00:00,N,37.58908828,127.0882188,서울 중랑구 면목동 102-17,2023-02-16 15:39:14,118
383,2023-02-16 15:39:14,,2023-02-17 18:00:00,N,37.55847137,126.834314,서울 강서구 마곡동 801-1,2023-02-16 15:39:14,119
384,2023-02-16 15:39:14,,2023-02-17 18:00:00,N,37.49053785,126.9250657,서울 관악구 봉천동 729-22,2023-02-16 15:39:14,120
385,2023-02-16 15:39:14,,2023-02-17 18:00:00,N,37.56693922,127.0129864,서울 중구 신당동 200-5,2023-02-16 15:39:14,121
386,2023-02-16 15:39:14,,2023-02-17 18:00:00,N,37.50642716,127.0068163,서울 서초구 반포동 19-4,2023-02-16 15:39:14,122
387,2023-02-16 15:39:14,,2023-02-17 18:00:00,N,37.65890721,127.0705577,서울 노원구 상계동 389-683,2023-02-16 15:39:14,123
388,2023-02-16 15:39:14,,2023-02-17 18:00:00,N,37.4845513,127.1207441,서울 송파구 문정동 651,2023-02-16 15:39:14,124
389,2023-02-16 15:39:14,,2023-02-17 18:00:00,N,37.52660224,127.1266091,서울 강동구 성내동 465,2023-02-16 15:39:14,125
390,2023-02-16 15:39:14,,2023-02-17 18:00:00,N,37.60839154,127.0287256,서울 성북구 길음동 20-1,2023-02-16 15:39:14,126
391,2023-02-16 15:39:14,,2023-02-17 18:00:00,N,37.49351934,127.0019776,서울 서초구 반포동 83-16,2023-02-16 15:39:14,127
392,2023-02-16 15:39:14,,2023-02-17 18:00:00,N,37.53808937,127.0686535,서울 광진구 자양동 4-1,2023-02-16 15:39:14,128
393,2023-02-16 15:39:14,,2023-02-17 18:00:00,N,37.64543168,126.9406165,서울 은평구 진관동 산27-12,2023-02-16 15:39:14,129
394,2023-02-16 15:39:14,,2023-02-17 18:00:00,N,37.61257428,127.0333491,서울 강북구 미아동 52-56,2023-02-16 15:39:14,130
395,2023-02-16 15:39:14,,2023-02-17 18:00:00,N,37.56698417,126.98849,서울 중구 수표동 56-12,2023-02-16 15:39:14,131
396,2023-02-16 15:39:14,,2023-02-17 18:00:00,N,37.58428597,127.0196753,서울 성북구 보문동2가 126,2023-02-16 15:39:14,132
397,2023-02-16 15:39:14,,2023-02-17 18:00:00,N,37.48988831,126.8889462,서울 구로구 구로동 1265,2023-02-16 15:39:14,133
398,2023-02-16 15:39:14,,2023-02-17 18:00:00,N,37.60492176,126.9650312,서울 종로구 평창동 289-2,2023-02-16 15:39:14,134
399,2023-02-16 15:39:14,,2023-02-17 18:00:00,N,37.56217602,126.9732292,서울 중구 서소문동 120-20,2023-02-16 15:39:14,135
400,2023-02-16 15:39:14,,2023-02-17 18:00:00,N,37.50944955,127.1258588,서울 송파구 방이동 206,2023-02-16 15:39:14,136
401,2023-02-16 15:39:14,,2023-02-17 18:00:00,N,37.56034908,126.9807585,서울 중구 충무로1가 54,2023-02-16 15:39:14,137
402,2023-02-16 15:39:14,,2023-02-17 18:00:00,N,37.52473008,126.8935771,서울 영등포구 당산동3가 522-3,2023-02-16 15:39:14,138
403,2023-02-16 15:39:14,,2023-02-17 18:00:00,N,37.57113864,126.991728,서울 종로구 묘동 201,2023-02-16 15:39:14,139
404,2023-02-16 15:39:14,,2023-02-17 18:00:00,N,37.57091244,127.0810256,서울 광진구 중곡동 579-1,2023-02-16 15:39:14,140
405,2023-02-16 15:39:14,,2023-02-17 18:00:00,N,37.55420161,127.0814911,서울 광진구 능동 233-2,2023-02-16 15:39:14,141
406,2023-02-16 15:39:14,,2023-02-17 18:00:00,N,37.47937426,126.9074294,서울 금천구 독산동 903-10,2023-02-16 15:39:14,142
407,2023-02-16 15:39:14,,2023-02-17 18:00:00,N,37.48788825,126.8861036,서울 구로구 구로동 744-51,2023-02-16 15:39:14,143
408,2023-02-16 15:39:14,,2023-02-17 18:00:00,N,37.55242432,127.1435332,서울 강동구 명일동 312-39,2023-02-16 15:39:14,144
409,2023-02-16 15:39:14,,2023-02-17 18:00:00,N,37.50660199,126.9621713,서울 동작구 흑석동 332,2023-02-16 15:39:14,145
410,2023-02-16 15:39:14,,2023-02-17 18:00:00,N,37.5184616,127.040164,서울 강남구 논현동 111-9,2023-02-16 15:39:14,146
411,2023-02-16 15:39:14,,2023-02-17 18:00:00,N,37.62306629,127.0893446,서울 노원구 공릉동 111,2023-02-16 15:39:14,147
412,2023-02-16 15:39:14,,2023-02-17 18:00:00,N,37.48839639,127.1462097,서울 송파구 거여동 295,2023-02-16 15:39:14,148
413,2023-02-16 15:39:14,,2023-02-17 18:00:00,N,37.62551033,127.0177294,서울 강북구 미아동 1359,2023-02-16 15:39:14,149
414,2023-02-16 15:39:14,,2023-02-17 18:00:00,N,37.51365811,127.0400559,서울 강남구 논현동 255-10,2023-02-16 15:39:14,150
415,2023-02-16 15:39:14,,2023-02-17 18:00:00,N,37.61374613,126.9122964,서울 은평구 갈현동 498-3,2023-02-16 15:39:14,151
416,2023-02-16 15:39:14,,2023-02-17 18:00:00,N,37.51499792,126.8308166,서울 양천구 신정동 1322,2023-02-16 15:39:14,152
417,2023-02-16 15:39:14,,2023-02-17 18:00:00,N,37.61262971,126.9153255,서울 은평구 갈현동 469-6,2023-02-16 15:39:14,153
418,2023-02-16 15:39:14,,2023-02-17 18:00:00,N,37.54862817,126.9430293,서울 마포구 대흥동 161,2023-02-16 15:39:14,154
419,2023-02-16 15:39:14,,2023-02-17 18:00:00,N,37.59514987,127.0996387,서울 중랑구 망우동 458-2,2023-02-16 15:39:14,155
420,2023-02-16 15:39:14,,2023-02-17 18:00:00,N,37.53384696,127.1315257,서울 강동구 성내동 204-2,2023-02-16 15:39:14,156
421,2023-02-16 15:39:14,,2023-02-17 18:00:00,N,37.59896243,127.0950742,서울 중랑구 상봉동 74-1,2023-02-16 15:39:14,157
422,2023-02-16 15:39:14,,2023-02-17 18:00:00,N,37.5694333,126.99886,서울 종로구 예지동 249,2023-02-16 15:39:14,158
423,2023-02-16 15:39:14,,2023-02-17 18:00:00,N,37.54775687,127.0674129,서울 광진구 화양동 21-14,2023-02-16 15:39:14,159
424,2023-02-16 15:39:14,,2023-02-17 18:00:00,N,37.47674839,126.8857942,서울 금천구 가산동 60-73,2023-02-16 15:39:14,160
425,2023-02-16 15:39:14,,2023-02-17 18:00:00,N,37.49420131,127.0497138,서울 강남구 도곡동 527,2023-02-16 15:39:14,161
426,2023-02-16 15:39:14,,2023-02-17 18:00:00,N,37.47750428,126.9557224,서울 관악구 봉천동 1614-10,2023-02-16 15:39:14,162
427,2023-02-16 15:39:14,,2023-02-17 18:00:00,N,37.65872772,127.0347457,서울 도봉구 쌍문동 20,2023-02-16 15:39:14,163
428,2023-02-16 15:39:14,,2023-02-17 18:00:00,N,37.54943405,127.1072055,서울 광진구 광장동 145-8,2023-02-16 15:39:14,164
429,2023-02-16 15:39:14,,2023-02-17 18:00:00,N,37.6233847,127.0265254,서울 강북구 미아동 310-42,2023-02-16 15:39:14,165
431,2023-02-16 15:48:38.322000,,2023-02-17 15:00:00,N,36.25945407127296,127.27453742659031,충남 계룡시 두마면 왕대리 80,2023-02-16 15:02:07,1014
432,2023-02-16 15:53:13,,2023-02-17 18:00:00,N,37.47852981,126.8581467,경기 광명시 광명동 149-6,2023-02-16 15:53:13,166
433,2023-02-16 15:53:13,,2023-02-17 18:00:00,N,37.34090293,127.1232906,경기 성남시 분당구 구미동 240,2023-02-16 15:53:13,167
434,2023-02-16 15:53:13,,2023-02-17 18:00:00,N,37.62059007,126.699974,경기 김포시 감정동 591-5,2023-02-16 15:53:13,168
435,2023-02-16 15:53:13,,2023-02-17 18:00:00,N,37.7393302,127.0398608,경기 의정부시 가능동 836-13,2023-02-16 15:53:13,169
436,2023-02-16 15:53:13,,2023-02-17 18:00:00,N,37.37002673,127.2519757,경기 광주시 오포읍 양벌리 630-24,2023-02-16 15:53:13,170
437,2023-02-16 15:53:13,,2023-02-17 18:00:00,N,37.28789109,127.0296463,경기 수원시 팔달구 우만동 484-19,2023-02-16 15:53:13,171
438,2023-02-16 15:53:13,,2023-02-17 18:00:00,N,37.14984574,126.8912616,경기 화성시 팔탄면 지월리 499-4,2023-02-16 15:53:13,172
439,2023-02-16 15:53:13,,2023-02-17 18:00:00,N,37.27308827,127.0498955,경기 수원시 영통구 매탄동 102-21,2023-02-16 15:53:13,173
440,2023-02-16 15:53:13,,2023-02-17 18:00:00,N,37.73252628,127.0850219,경기 의정부시 용현동 231,2023-02-16 15:53:13,174
441,2023-02-16 15:53:13,,2023-02-17 18:00:00,N,37.48131045,126.8549838,경기 광명시 광명동 142-4,2023-02-16 15:53:13,175
442,2023-02-16 15:53:13,,2023-02-17 18:00:00,N,37.25611426,127.0192658,경기 수원시 권선구 세류동 1083-15,2023-02-16 15:53:13,176
443,2023-02-16 15:53:13,,2023-02-17 18:00:00,N,37.77051384,126.773696,경기 파주시 금촌동 424-49,2023-02-16 15:53:13,177
444,2023-02-16 15:53:13,,2023-02-17 18:00:00,N,37.76022433,126.7780196,경기 파주시 금촌동 768-5,2023-02-16 15:53:13,178
445,2023-02-16 15:53:13,,2023-02-17 18:00:00,N,37.00041827,127.1147892,경기 평택시 비전동 1101,2023-02-16 15:53:13,179
446,2023-02-16 15:53:13,,2023-02-17 18:00:00,N,37.33585026,126.807272,경기 안산시 단원구 선부동 1070-12,2023-02-16 15:53:13,180
447,2023-02-16 15:53:13,,2023-02-17 18:00:00,N,37.29954711,126.9111077,경기 안산시 상록구 사사동 537-1,2023-02-16 15:53:13,181
448,2023-02-16 15:53:13,,2023-02-17 18:00:00,N,37.35114077,127.1709958,경기 광주시 오포읍 능평리 253-2,2023-02-16 15:53:13,182
449,2023-02-16 15:53:13,,2023-02-17 18:00:00,N,37.34131369,126.8075693,경기 안산시 단원구 선부동 1067-9,2023-02-16 15:53:13,183
450,2023-02-16 15:53:13,,2023-02-17 18:00:00,N,37.26677434,127.0020353,경기 수원시 팔달구 매산로1가 58-13,2023-02-16 15:53:13,184
451,2023-02-16 15:53:13,,2023-02-17 18:00:00,N,37.75963511,127.032755,경기 의정부시 녹양동 381-13,2023-02-16 15:53:13,185
452,2023-02-16 15:53:13,,2023-02-17 18:00:00,N,37.54244629,127.2035661,경기 하남시 덕풍동 326-4,2023-02-16 15:53:13,186
453,2023-02-16 15:53:13,,2023-02-17 18:00:00,N,37.36280744,127.1135079,경기 성남시 분당구 정자동 130-1,2023-02-16 15:53:13,187
454,2023-02-16 15:53:13,,2023-02-17 18:00:00,N,37.64344236,126.8085915,경기 고양시 덕양구 내곡동 25-7,2023-02-16 15:53:13,188
455,2023-02-16 15:53:13,,2023-02-17 18:00:00,N,37.71024479,126.7427871,경기 파주시 동패동 1753,2023-02-16 15:53:13,189
456,2023-02-16 15:53:13,,2023-02-17 18:00:00,N,37.29808435,127.0070696,경기 수원시 장안구 송죽동 380-3,2023-02-16 15:53:13,190
457,2023-02-16 15:53:13,,2023-02-17 18:00:00,N,37.33093391,126.7925113,경기 안산시 단원구 원곡동 747-3,2023-02-16 15:53:13,191
458,2023-02-16 15:53:13,,2023-02-17 18:00:00,N,37.33289265,126.8268856,경기 안산시 단원구 와동 720-12,2023-02-16 15:53:13,192
459,2023-02-16 15:53:13,,2023-02-17 18:00:00,N,37.47532033,126.8692073,경기 광명시 철산동 399,2023-02-16 15:53:13,193
460,2023-02-16 15:53:13,,2023-02-17 18:00:00,N,37.90367453,127.0577654,경기 동두천시 생연동 447-2,2023-02-16 15:53:13,194
461,2023-02-16 15:53:13,,2023-02-17 18:00:00,N,37.66782337,126.7224659,경기 고양시 일산서구 법곳동 446-2,2023-02-16 15:53:13,195
462,2023-02-16 15:53:13,,2023-02-17 18:00:00,N,37.82746186,127.1493268,경기 포천시 소흘읍 송우리 110-33,2023-02-16 15:53:13,196
463,2023-02-16 15:53:13,,2023-02-17 18:00:00,N,37.36311256,126.9302953,경기 군포시 산본동 1121,2023-02-16 15:53:13,197
464,2023-02-16 15:53:13,,2023-02-17 18:00:00,N,37.74349209,127.0576212,경기 의정부시 신곡동 673-3,2023-02-16 15:53:13,198
465,2023-02-16 15:53:13,,2023-02-17 18:00:00,N,36.9892656,127.1032356,경기 평택시 합정동 906-5,2023-02-16 15:53:13,199
466,2023-02-16 15:53:13,,2023-02-17 18:00:00,N,37.28622363,127.2169431,경기 용인시 처인구 포곡읍 전대리 191-22,2023-02-16 15:53:13,200
467,2023-02-16 15:53:13,,2023-02-17 18:00:00,N,37.39374838,126.9615836,경기 안양시 동안구 관양동 1602-6,2023-02-16 15:53:13,201
468,2023-02-16 15:53:13,,2023-02-17 18:00:00,N,37.39373143,126.7401087,경기 시흥시 월곶동 991-16,2023-02-16 15:53:13,202
469,2023-02-16 15:53:13,,2023-02-17 18:00:00,N,37.51328232,127.2027336,경기 하남시 하사창동 166-1,2023-02-16 15:53:13,203
470,2023-02-16 15:53:13,,2023-02-17 18:00:00,N,37.22531211,127.109001,경기 용인시 기흥구 고매동 409-28,2023-02-16 15:53:13,204
471,2023-02-16 15:53:13,,2023-02-17 18:00:00,N,37.44391525,127.1381491,경기 성남시 수정구 태평동 3387,2023-02-16 15:53:13,205
472,2023-02-16 15:53:13,,2023-02-17 18:00:00,N,37.59977151,127.494345,경기 가평군 설악면 가일리 193-1,2023-02-16 15:53:13,206
473,2023-02-16 15:53:13,,2023-02-17 18:00:00,N,37.37085368,126.9424239,경기 군포시 산본동 252-6,2023-02-16 15:53:13,207
474,2023-02-16 15:53:13,,2023-02-17 18:00:00,N,37.38643054,126.9738352,경기 의왕시 내손동 621-13,2023-02-16 15:53:13,208
475,2023-02-16 15:53:13,,2023-02-17 18:00:00,N,37.29406332,127.2021204,경기 용인시 처인구 포곡읍 가실리 149,2023-02-16 15:53:13,209
476,2023-02-16 15:53:13,,2023-02-17 18:00:00,N,37.52566442,126.8045391,경기 부천시 원종동 229-8,2023-02-16 15:53:13,210
477,2023-02-16 15:53:13,,2023-02-17 18:00:00,N,37.57876516,127.2139123,경기 남양주시 와부읍 도곡리 985,2023-02-16 15:53:13,211
478,2023-02-16 15:53:13,,2023-02-17 18:00:00,N,37.65073052,126.5827857,경기 김포시 대곶면 율생리 453-6,2023-02-16 15:53:13,212
479,2023-02-16 15:53:13,,2023-02-17 18:00:00,N,37.36525973,127.1257958,경기 성남시 분당구 수내동 98-8,2023-02-16 15:53:13,213
480,2023-02-16 15:53:13,,2023-02-17 18:00:00,N,37.26484698,127.0021509,경기 수원시 팔달구 매산로1가 57-61,2023-02-16 15:53:13,214
481,2023-02-16 15:53:13,,2023-02-17 18:00:00,N,37.38791615,126.967491,경기 안양시 동안구 평촌동 898-6,2023-02-16 15:53:13,215
482,2023-02-16 15:53:13,,2023-02-17 18:00:00,N,37.25104688,127.0645219,경기 수원시 영통구 영통동 968,2023-02-16 15:53:13,216
483,2023-02-16 15:53:13,,2023-02-17 18:00:00,N,37.32881647,126.8103056,경기 안산시 단원구 선부동 1078,2023-02-16 15:53:13,217
484,2023-02-16 15:53:13,,2023-02-17 18:00:00,N,37.41350001,127.1302172,경기 성남시 분당구 야탑동 360-3,2023-02-16 15:53:13,218
485,2023-02-16 15:53:13,,2023-02-17 18:00:00,N,38.00030943,127.3629424,경기 포천시 이동면 연곡리 1122,2023-02-16 15:53:13,219
486,2023-02-16 15:53:13,,2023-02-17 18:00:00,N,37.38807049,126.7398873,경기 시흥시 월곶동 1015-10,2023-02-16 15:53:13,220
487,2023-02-16 15:53:13,,2023-02-17 18:00:00,N,37.38391506,127.1213334,경기 성남시 분당구 서현동 269-6,2023-02-16 15:53:13,221
488,2023-02-16 15:53:13,,2023-02-17 18:00:00,N,37.71198128,126.7621403,경기 파주시 야당동 421-44,2023-02-16 15:53:13,222
489,2023-02-16 15:53:13,,2023-02-17 18:00:00,N,37.64303089,127.1211005,경기 남양주시 별내동 998,2023-02-16 15:53:13,223
490,2023-02-16 15:53:13,,2023-02-17 18:00:00,N,37.39813973,126.9335925,경기 안양시 동안구 비산동 571,2023-02-16 15:53:13,224
491,2023-02-16 15:53:13,,2023-02-17 18:00:00,N,37.478201,127.279459,경기 광주시 남종면 삼성리 410-4,2023-02-16 15:53:13,225
492,2023-02-16 15:53:13,,2023-02-17 18:00:00,N,37.67003019,126.6433439,경기 김포시 양촌읍 누산리 643-9,2023-02-16 15:53:13,226
493,2023-02-16 15:53:13,,2023-02-17 18:00:00,N,37.36088172,127.2282922,경기 광주시 오포읍 추자리 289-1,2023-02-16 15:53:13,227
494,2023-02-16 15:53:13,,2023-02-17 18:00:00,N,36.99646542,127.087827,경기 평택시 통복동 82-1,2023-02-16 15:53:13,228
495,2023-02-16 15:53:13,,2023-02-17 18:00:00,N,37.60061621,127.1427998,경기 구리시 수택동 526-28,2023-02-16 15:53:13,229
496,2023-02-16 15:53:13,,2023-02-17 18:00:00,N,37.26412774,127.0239647,경기 수원시 팔달구 인계동 1013,2023-02-16 15:53:13,230
497,2023-02-16 15:53:13,,2023-02-17 18:00:00,N,37.62293826,126.6996612,경기 김포시 감정동 551-6,2023-02-16 15:53:13,231
498,2023-02-16 15:53:13,,2023-02-17 18:00:00,N,37.34185474,127.2261508,경기 용인시 처인구 모현읍 매산리 198-3,2023-02-16 15:53:13,232
499,2023-02-16 15:53:13,,2023-02-17 18:00:00,N,37.50314724,127.4230409,경기 양평군 강하면 전수리 545,2023-02-16 15:53:13,233
500,2023-02-16 15:53:13,,2023-02-17 18:00:00,N,37.80601385,127.4801547,경기 가평군 가평읍 하색리 901-3,2023-02-16 15:53:13,234
501,2023-02-16 15:53:13,,2023-02-17 18:00:00,N,37.07248787,127.058263,경기 평택시 서정동 48,2023-02-16 15:53:13,235
502,2023-02-16 15:53:13,,2023-02-17 18:00:00,N,37.337527,126.7480448,경기 시흥시 정왕동 1624-5,2023-02-16 15:53:13,236
503,2023-02-16 15:53:13,,2023-02-17 18:00:00,N,37.28012935,127.4462525,경기 이천시 창전동 165-3,2023-02-16 15:53:13,237
504,2023-02-16 15:53:13,,2023-02-17 18:00:00,N,37.74159674,127.0504857,경기 의정부시 의정부동 155-25,2023-02-16 15:53:13,238
505,2023-02-16 15:53:13,,2023-02-17 18:00:00,N,37.67929502,126.7649283,경기 고양시 일산서구 일산동 1065-5,2023-02-16 15:53:13,239
506,2023-02-16 15:53:13,,2023-02-17 18:00:00,N,37.26789286,127.2138632,경기 용인시 처인구 포곡읍 둔전리 405-27,2023-02-16 15:53:13,240
507,2023-02-16 15:53:13,,2023-02-17 18:00:00,N,37.43895324,127.1422628,경기 성남시 수정구 신흥동 6910,2023-02-16 15:53:13,241
508,2023-02-16 15:53:13,,2023-02-17 18:00:00,N,36.98065507,126.879906,경기 평택시 포승읍 내기리 1-7,2023-02-16 15:53:13,242
509,2023-02-16 15:53:13,,2023-02-17 18:00:00,N,38.02441837,127.3254772,경기 포천시 이동면 노곡리 1120-6,2023-02-16 15:53:13,243
510,2023-02-16 15:53:13,,2023-02-17 18:00:00,N,37.69642185,126.5874611,경기 김포시 통진읍 서암리 899-27,2023-02-16 15:53:13,244
511,2023-02-16 15:53:13,,2023-02-17 18:00:00,N,37.238489,127.0291191,경기 수원시 권선구 곡반정동 566-6,2023-02-16 15:53:13,245
512,2023-02-16 15:53:13,,2023-02-17 18:00:00,N,37.20858735,126.723828,경기 화성시 송산면 육일리 142,2023-02-16 15:53:13,246
513,2023-02-16 15:53:13,,2023-02-17 18:00:00,N,37.64950203,127.1069269,경기 남양주시 별내동 625-35,2023-02-16 15:53:13,247
514,2023-02-16 15:53:13,,2023-02-17 18:00:00,N,37.7349089,127.0357769,경기 의정부시 의정부동 532-5,2023-02-16 15:53:13,248
515,2023-02-16 15:53:13,,2023-02-17 18:00:00,N,37.49011018,127.4899737,경기 양평군 양평읍 양근리 414-1,2023-02-16 15:53:13,249
516,2023-02-16 15:53:13,,2023-02-17 18:00:00,N,37.33187004,127.057145,경기 용인시 수지구 신봉동 605,2023-02-16 15:53:13,250
517,2023-02-16 15:53:13,,2023-02-17 18:00:00,N,37.59554447,127.5970854,경기 양평군 단월면 산음리 662-3,2023-02-16 15:53:13,251
518,2023-02-16 15:53:13,,2023-02-17 18:00:00,N,37.31682824,126.846292,경기 안산시 상록구 성포동 590,2023-02-16 15:53:13,252
519,2023-02-16 15:53:13,,2023-02-17 18:00:00,N,37.39278456,127.1120708,경기 성남시 분당구 백현동 541,2023-02-16 15:53:13,253
520,2023-02-16 15:53:13,,2023-02-17 18:00:00,N,37.90074695,127.0567225,경기 동두천시 생연동 725-8,2023-02-16 15:53:13,254
521,2023-02-16 15:53:13,,2023-02-17 18:00:00,N,37.2076235,127.0623094,경기 화성시 반송동 47-7,2023-02-16 15:53:13,255
522,2023-02-16 15:53:13,,2023-02-17 18:00:00,N,37.30006015,127.0073595,경기 수원시 장안구 송죽동 504,2023-02-16 15:53:13,256
523,2023-02-16 15:53:13,,2023-02-17 18:00:00,N,37.58928861,127.1665046,경기 남양주시 수석동 327-3,2023-02-16 15:53:13,257
524,2023-02-16 15:53:13,,2023-02-17 18:00:00,N,37.38409982,126.9617957,경기 안양시 동안구 평촌동 915,2023-02-16 15:53:13,258
525,2023-02-16 15:53:13,,2023-02-17 18:00:00,N,37.13269373,126.9092715,경기 화성시 향남읍 평리 85-4,2023-02-16 15:53:13,259
526,2023-02-16 15:53:13,,2023-02-17 18:00:00,N,37.70661022,126.7348761,경기 파주시 동패동 146-9,2023-02-16 15:53:13,260
527,2023-02-16 15:53:13,,2023-02-17 18:00:00,N,37.27783632,127.1100963,경기 용인시 기흥구 구갈동 398-3,2023-02-16 15:53:13,261
528,2023-02-16 15:53:13,,2023-02-17 18:00:00,N,37.30801383,127.0852727,경기 용인시 수지구 상현동 852,2023-02-16 15:53:13,262
529,2023-02-16 15:53:13,,2023-02-17 18:00:00,N,37.45263459,127.1717532,경기 성남시 중원구 은행동 2034-3,2023-02-16 15:53:13,263
530,2023-02-16 15:53:13,,2023-02-17 18:00:00,N,37.52822132,126.8150653,경기 부천시 고강동 318,2023-02-16 15:53:13,264
531,2023-02-16 16:02:31,,2023-02-17 18:00:00,N,37.77025205,128.9044719,강원 강릉시 포남동 1096-6,2023-02-16 16:02:31,265
532,2023-02-16 16:02:31,,2023-02-17 18:00:00,N,37.79129864,128.9209077,강원 강릉시 강문동 1-1,2023-02-16 16:02:31,266
533,2023-02-16 16:02:31,,2023-02-17 18:00:00,N,37.66005053,128.7179706,강원 평창군 대관령면 횡계리 245-66,2023-02-16 16:02:31,267
534,2023-02-16 16:02:31,,2023-02-17 18:00:00,N,37.65468018,129.0529017,강원 강릉시 옥계면 금진리 92-1,2023-02-16 16:02:31,268
535,2023-02-16 16:02:31,,2023-02-17 18:00:00,N,37.32766803,127.917307,강원 원주시 무실동 1140-20,2023-02-16 16:02:31,269
536,2023-02-16 16:02:31,,2023-02-17 18:00:00,N,37.43947771,129.1521358,강원 삼척시 원당동 78-5,2023-02-16 16:02:31,270
537,2023-02-16 16:02:31,,2023-02-17 18:00:00,N,37.38305712,127.8739737,강원 원주시 지정면 가곡리 1493,2023-02-16 16:02:31,271
538,2023-02-16 16:02:31,,2023-02-17 18:00:00,N,37.79129864,128.9209077,강원 강릉시 강문동 1-1,2023-02-16 16:02:31,272
539,2023-02-16 16:02:31,,2023-02-17 18:00:00,N,37.22762637,128.8304614,강원 정선군 사북읍 사북리 284-19,2023-02-16 16:02:31,273
540,2023-02-16 16:02:31,,2023-02-17 18:00:00,N,37.18535927,128.4679247,강원 영월군 영월읍 영흥리 959-27,2023-02-16 16:02:31,274
541,2023-02-16 16:02:31,,2023-02-17 18:00:00,N,37.47011161,129.1374347,강원 동해시 대구동 60,2023-02-16 16:02:31,275
542,2023-02-16 16:02:31,,2023-02-17 18:00:00,N,37.22046221,128.8343604,강원 정선군 고한읍 고한리 152-1,2023-02-16 16:02:31,276
543,2023-02-16 16:02:31,,2023-02-17 18:00:00,N,37.87619889,127.752293,강원 춘천시 후평동 798-12,2023-02-16 16:02:31,277
544,2023-02-16 16:02:31,,2023-02-17 18:00:00,N,37.75931486,128.9194556,강원 강릉시 입암동 708-3,2023-02-16 16:02:31,278
545,2023-02-16 16:02:31,,2023-02-17 18:00:00,N,37.75764247,128.8967828,강원 강릉시 옥천동 173-2,2023-02-16 16:02:31,279
546,2023-02-16 16:02:31,,2023-02-17 18:00:00,N,37.72563246,128.9779476,강원 강릉시 강동면 안인리 558-50,2023-02-16 16:02:31,280
547,2023-02-16 16:02:31,,2023-02-17 18:00:00,N,37.76533872,128.8786364,강원 강릉시 교동 1865-14,2023-02-16 16:02:31,281
548,2023-02-16 16:02:31,,2023-02-17 18:00:00,N,37.85009914,127.7330969,강원 춘천시 퇴계동 471-11,2023-02-16 16:02:31,282
549,2023-02-16 16:02:31,,2023-02-17 18:00:00,N,37.37201254,128.6724253,강원 정선군 정선읍 애산리 596,2023-02-16 16:02:31,283
550,2023-02-16 16:02:31,,2023-02-17 18:00:00,N,37.65942274,127.8327731,강원 홍천군 홍천읍 하오안리 620,2023-02-16 16:02:31,284
551,2023-02-16 16:02:31,,2023-02-17 18:00:00,N,37.35042097,127.7975328,강원 원주시 지정면 안창리 산53-1,2023-02-16 16:02:31,285
552,2023-02-16 16:02:31,,2023-02-17 18:00:00,N,37.35197085,128.7906751,강원 정선군 화암면 화암리 540-4,2023-02-16 16:02:31,286
553,2023-02-16 16:02:31,,2023-02-17 18:00:00,N,37.49476522,128.2466281,강원 횡성군 둔내면 두원리 450-2,2023-02-16 16:02:31,287
554,2023-02-16 16:02:31,,2023-02-17 18:00:00,N,37.68988437,127.7065498,강원 홍천군 서면 팔봉리 939-13,2023-02-16 16:02:31,288
555,2023-02-16 16:02:31,,2023-02-17 18:00:00,N,37.30530592,128.3541677,강원 영월군 주천면 판운리 43-8,2023-02-16 16:02:31,289
556,2023-02-16 16:02:31,,2023-02-17 18:00:00,N,37.34311427,127.9870176,강원 원주시 행구동 1850,2023-02-16 16:02:31,290
557,2023-02-16 16:02:31,,2023-02-17 18:00:00,N,38.20452796,128.5901637,강원 속초시 중앙동 471-4,2023-02-16 16:02:31,291
558,2023-02-16 16:02:31,,2023-02-17 18:00:00,N,37.32669943,127.8291013,강원 원주시 문막읍 동화리 1534-3,2023-02-16 16:02:31,292
559,2023-02-16 16:02:31,,2023-02-17 18:00:00,N,38.20523865,127.2197711,강원 철원군 동송읍 이평리 708-5,2023-02-16 16:02:31,293
560,2023-02-16 16:02:31,,2023-02-17 18:00:00,N,38.12808412,128.6242792,강원 양양군 강현면 전진리 58-9,2023-02-16 16:02:31,294
561,2023-02-16 16:02:31,,2023-02-17 18:00:00,N,37.87291142,127.7444609,강원 춘천시 효자동 628-10,2023-02-16 16:02:31,295
562,2023-02-16 16:02:31,,2023-02-17 18:00:00,N,38.19100831,128.5947465,강원 속초시 청호동 1341-1,2023-02-16 16:02:31,296
563,2023-02-16 16:02:31,,2023-02-17 18:00:00,N,37.90107994,127.7373704,강원 춘천시 우두동 413-1,2023-02-16 16:02:31,297
564,2023-02-16 16:02:31,,2023-02-17 18:00:00,N,37.36364072,127.9177191,강원 원주시 호저면 만종리 335,2023-02-16 16:02:31,298
565,2023-02-16 16:02:31,,2023-02-17 18:00:00,N,37.46534692,129.1704611,강원 삼척시 교동 430-2,2023-02-16 16:02:31,299
566,2023-02-16 16:02:31,,2023-02-17 18:00:00,N,37.29654896,128.2793892,강원 영월군 무릉도원면 무릉리 293-1,2023-02-16 16:02:31,300
567,2023-02-16 16:02:31,,2023-02-17 18:00:00,N,37.14796344,128.9916788,강원 태백시 황지동 126-1,2023-02-16 16:02:31,301
568,2023-02-16 16:02:31,,2023-02-17 18:00:00,N,38.18790329,128.5573358,강원 속초시 노학동 400-3,2023-02-16 16:02:31,302
569,2023-02-16 16:02:31,,2023-02-17 18:00:00,N,37.49783198,128.8659701,강원 정선군 임계면 송계리 1092,2023-02-16 16:02:31,303
570,2023-02-16 16:02:31,,2023-02-17 18:00:00,N,37.31995805,127.9584418,강원 원주시 단구동 1669-10,2023-02-16 16:02:31,304
571,2023-02-16 16:02:31,,2023-02-17 18:00:00,N,37.19795078,128.5045788,강원 영월군 영월읍 영흥리 1,2023-02-16 16:02:31,305
572,2023-02-16 16:02:31,,2023-02-17 18:00:00,N,38.10687479,127.9867012,강원 양구군 양구읍 상리 523-8,2023-02-16 16:02:31,306
573,2023-02-16 16:02:31,,2023-02-17 18:00:00,N,38.19777057,128.5775048,강원 속초시 교동 737-7,2023-02-16 16:02:31,307
574,2023-02-16 16:02:31,,2023-02-17 18:00:00,N,38.44585612,128.4548929,강원 고성군 거진읍 거진리 287-134,2023-02-16 16:02:31,308
575,2023-02-16 16:02:31,,2023-02-17 18:00:00,N,37.8927305,127.7268375,강원 춘천시 소양로1가 102-25,2023-02-16 16:02:31,309
576,2023-02-16 16:02:31,,2023-02-17 18:00:00,N,37.33360362,128.2828329,강원 영월군 무릉도원면 법흥리 598,2023-02-16 16:02:31,310
577,2023-02-16 16:02:31,,2023-02-17 18:00:00,N,37.87545609,127.7590703,강원 춘천시 후평동 874-4,2023-02-16 16:02:31,311
578,2023-02-16 16:02:31,,2023-02-17 18:00:00,N,37.85084831,127.7677297,강원 춘천시 동내면 신촌리 488-1,2023-02-16 16:02:31,312
579,2023-02-16 16:02:31,,2023-02-17 18:00:00,N,37.68386026,127.8773667,강원 홍천군 홍천읍 연봉리 191-8,2023-02-16 16:02:31,313
580,2023-02-16 16:08:51,,2023-02-17 18:00:00,N,35.88490842,128.558109,대구 서구 비산동 1327-1,2023-02-16 16:08:51,314
581,2023-02-16 16:08:51,,2023-02-17 18:00:00,N,35.8580101,128.5587176,대구 달서구 두류동 150-3,2023-02-16 16:08:51,315
582,2023-02-16 16:08:51,,2023-02-17 18:00:00,N,35.88793047,128.6490652,대구 동구 검사동 1021,2023-02-16 16:08:51,316
583,2023-02-16 16:08:51,,2023-02-17 18:00:00,N,35.90457099,128.6196328,대구 북구 복현동 38-15,2023-02-16 16:08:51,317
584,2023-02-16 16:08:51,,2023-02-17 18:00:00,N,35.8852347,128.5897991,대구 북구 칠성동2가 20-1,2023-02-16 16:08:51,318
585,2023-02-16 16:08:51,,2023-02-17 18:00:00,N,35.84176118,128.5221952,대구 달서구 장기동 636,2023-02-16 16:08:51,319
586,2023-02-16 16:08:51,,2023-02-17 18:00:00,N,35.78046641,128.6438767,대구 달성군 가창면 냉천리 380-34,2023-02-16 16:08:51,320
587,2023-02-16 16:08:51,,2023-02-17 18:00:00,N,35.85676177,128.5319039,대구 달서구 용산동 867-11,2023-02-16 16:08:51,321
588,2023-02-16 16:08:51,,2023-02-17 18:00:00,N,35.87171787,128.6351793,대구 수성구 만촌동 1325-38,2023-02-16 16:08:51,322
589,2023-02-16 16:08:51,,2023-02-17 18:00:00,N,35.87582731,128.5591417,대구 서구 평리동 683-14,2023-02-16 16:08:51,323
590,2023-02-16 16:08:51,,2023-02-17 18:00:00,N,35.85376522,128.5368882,대구 달서구 죽전동 379-12,2023-02-16 16:08:51,324
591,2023-02-16 16:08:51,,2023-02-17 18:00:00,N,35.89043034,128.5908123,대구 북구 침산동 296-1,2023-02-16 16:08:51,325
592,2023-02-16 16:08:51,,2023-02-17 18:00:00,N,35.85088627,128.510863,대구 달서구 이곡동 775-1,2023-02-16 16:08:51,326
593,2023-02-16 16:08:51,,2023-02-17 18:00:00,N,35.82152282,128.6335397,대구 수성구 지산동 1272-2,2023-02-16 16:08:51,327
594,2023-02-16 16:08:51,,2023-02-17 18:00:00,N,35.86940186,128.5798484,대구 중구 대신동 115-379,2023-02-16 16:08:51,328
595,2023-02-16 16:08:51,,2023-02-17 18:00:00,N,35.88635385,128.5631919,대구 서구 비산동 930-12,2023-02-16 16:08:51,329
596,2023-02-16 16:08:51,,2023-02-17 18:00:00,N,35.821081,128.6403754,대구 수성구 범물동 1273,2023-02-16 16:08:51,330
597,2023-02-16 16:08:51,,2023-02-17 18:00:00,N,35.72682538,128.4476707,대구 달성군 논공읍 북리 833-152,2023-02-16 16:08:51,331
598,2023-02-16 16:08:51,,2023-02-17 18:00:00,N,35.86882648,128.5795452,대구 중구 대신동 2105,2023-02-16 16:08:51,332
599,2023-02-16 16:08:51,,2023-02-17 18:00:00,N,35.84662486,128.6037496,대구 남구 봉덕동 1623-3,2023-02-16 16:08:51,333
600,2023-02-16 16:08:51,,2023-02-17 18:00:00,N,35.87730946,128.5716997,대구 서구 비산동 504-15,2023-02-16 16:08:51,334
601,2023-02-16 16:08:51,,2023-02-17 18:00:00,N,35.90831267,128.5410455,대구 북구 매천동 197,2023-02-16 16:08:51,335
602,2023-02-16 16:08:51,,2023-02-17 18:00:00,N,35.90093648,128.5785163,대구 북구 노원동3가 1202-8,2023-02-16 16:08:51,336
603,2023-02-16 16:08:51,,2023-02-17 18:00:00,N,35.86069484,128.6108208,대구 수성구 수성동4가 1227-26,2023-02-16 16:08:51,337
604,2023-02-16 16:08:51,,2023-02-17 18:00:00,N,35.89324012,128.6455529,대구 동구 입석동 964-10,2023-02-16 16:08:51,338
605,2023-02-16 16:08:51,,2023-02-17 18:00:00,N,35.88546088,128.5747487,대구 서구 원대동3가 1434-4,2023-02-16 16:08:51,339
606,2023-02-16 16:08:51,,2023-02-17 18:00:00,N,35.88506933,128.6613581,대구 동구 방촌동 988-3,2023-02-16 16:08:51,340
607,2023-02-16 16:08:51,,2023-02-17 18:00:00,N,35.86567962,128.5963755,대구 중구 봉산동 30-1,2023-02-16 16:08:51,341
608,2023-02-16 16:08:51,,2023-02-17 18:00:00,N,35.85433957,128.612776,대구 수성구 수성동1가 273-8,2023-02-16 16:08:51,342
609,2023-02-16 16:16:50,,2023-02-17 18:00:00,N,36.24835865,129.2145331,경북 포항시 북구 죽장면 상옥리 330-3,2023-02-16 16:16:50,343
610,2023-02-16 16:16:50,,2023-02-17 18:00:00,N,36.09875327,128.3602474,경북 구미시 사곡동 669-7,2023-02-16 16:16:50,344
611,2023-02-16 16:16:50,,2023-02-17 18:00:00,N,36.55943452,128.7126041,경북 안동시 태화동 230-38,2023-02-16 16:16:50,345
612,2023-02-16 16:16:50,,2023-02-17 18:00:00,N,36.47905692,127.9370331,경북 상주시 화남면 동관리 131,2023-02-16 16:16:50,346
613,2023-02-16 16:16:50,,2023-02-17 18:00:00,N,36.12542388,128.4938831,경북 구미시 장천면 상장리 919-30,2023-02-16 16:16:50,347
614,2023-02-16 16:16:50,,2023-02-17 18:00:00,N,35.82078718,128.8233499,경북 경산시 자인면 북사리 163,2023-02-16 16:16:50,348
615,2023-02-16 16:16:50,,2023-02-17 18:00:00,N,36.39859892,128.1482699,경북 상주시 신봉동 537-1,2023-02-16 16:16:50,349
616,2023-02-16 16:16:50,,2023-02-17 18:00:00,N,36.10856873,128.4183936,경북 구미시 황상동 305-2,2023-02-16 16:16:50,350
617,2023-02-16 16:16:50,,2023-02-17 18:00:00,N,36.11326167,128.4243167,경북 구미시 황상동 260,2023-02-16 16:16:50,351
618,2023-02-16 16:16:50,,2023-02-17 18:00:00,N,36.32487842,129.3807471,경북 영덕군 남정면 구계리 8-6,2023-02-16 16:16:50,352
619,2023-02-16 16:16:50,,2023-02-17 18:00:00,N,35.71349998,129.3246021,경북 경주시 외동읍 입실리 891-5,2023-02-16 16:16:50,353
620,2023-02-16 16:16:50,,2023-02-17 18:00:00,N,36.64765416,128.4430773,경북 예천군 예천읍 대심리 78-6,2023-02-16 16:16:50,354
621,2023-02-16 16:16:50,,2023-02-17 18:00:00,N,36.15242919,128.1953705,경북 김천시 아포읍 대신리 782-3,2023-02-16 16:16:50,355
622,2023-02-16 16:16:50,,2023-02-17 18:00:00,N,36.66942111,127.9823323,경북 문경시 가은읍 완장리 215-2,2023-02-16 16:16:50,356
623,2023-02-16 16:16:50,,2023-02-17 18:00:00,N,36.8717663,128.5262942,경북 영주시 풍기읍 서부리 109-4,2023-02-16 16:16:50,357
624,2023-02-16 16:16:50,,2023-02-17 18:00:00,N,36.82323444,128.6256138,경북 영주시 하망동 350-1,2023-02-16 16:16:50,358
625,2023-02-16 16:16:50,,2023-02-17 18:00:00,N,36.03665849,129.3629708,경북 포항시 북구 대흥동 563-3,2023-02-16 16:16:50,359
626,2023-02-16 16:16:50,,2023-02-17 18:00:00,N,36.6632592,129.1118699,경북 영양군 영양읍 서부리 494,2023-02-16 16:16:50,360
627,2023-02-16 16:16:50,,2023-02-17 18:00:00,N,36.71032131,129.46973,경북 울진군 평해읍 거일리 607,2023-02-16 16:16:50,361
628,2023-02-16 16:16:50,,2023-02-17 18:00:00,N,36.12807005,128.0970203,경북 김천시 부곡동 490-6,2023-02-16 16:16:50,362
629,2023-02-16 16:16:50,,2023-02-17 18:00:00,N,36.03691482,129.3626201,경북 포항시 북구 대흥동 596-12,2023-02-16 16:16:50,363
630,2023-02-16 16:48:53,,2023-02-17 18:00:00,N,35.24940062,128.9099334,경남 김해시 삼방동 669-7,2023-02-16 16:48:53,364
631,2023-02-16 16:48:53,,2023-02-17 18:00:00,N,35.54984554,128.6235756,경남 밀양시 청도면 구기리 131-1,2023-02-16 16:48:53,365
632,2023-02-16 16:48:53,,2023-02-17 18:00:00,N,35.24403271,128.9081484,경남 김해시 삼방동 179-1,2023-02-16 16:48:53,366
633,2023-02-16 16:48:53,,2023-02-17 18:00:00,N,35.42348021,129.0606569,경남 양산시 상북면 상삼리 67-2,2023-02-16 16:48:53,367
634,2023-02-16 16:48:53,,2023-02-17 18:00:00,N,35.52061457,127.7290755,경남 함양군 함양읍 용평리 612-21,2023-02-16 16:48:53,368
635,2023-02-16 16:48:53,,2023-02-17 18:00:00,N,34.94067345,128.0833401,경남 사천시 벌리동 214,2023-02-16 16:48:53,369
636,2023-02-16 16:48:53,,2023-02-17 18:00:00,N,34.8416452,128.419382,경남 통영시 서호동 177-102,2023-02-16 16:48:53,370
637,2023-02-16 16:48:53,,2023-02-17 18:00:00,N,35.17008591,128.8123903,경남 김해시 율하동 1341-2,2023-02-16 16:48:53,371
638,2023-02-16 16:48:53,,2023-02-17 18:00:00,N,35.67987951,127.6885022,경남 함양군 서상면 도천리 1074-5,2023-02-16 16:48:53,372
639,2023-02-16 16:48:53,,2023-02-17 18:00:00,N,35.67954274,127.6872441,경남 함양군 서상면 도천리 1001-4,2023-02-16 16:48:53,373
640,2023-02-16 16:48:53,,2023-02-17 18:00:00,N,35.15128669,128.6974022,경남 창원시 진해구 이동 255-15,2023-02-16 16:48:53,374
641,2023-02-16 16:48:53,,2023-02-17 18:00:00,N,34.90202156,128.5534679,경남 거제시 사등면 사등리 387-1,2023-02-16 16:48:53,375
642,2023-02-16 16:48:53,,2023-02-17 18:00:00,N,35.20735231,128.6978592,경남 창원시 성산구 가음동 21-34,2023-02-16 16:48:53,376
643,2023-02-16 16:48:53,,2023-02-17 18:00:00,N,35.25261139,128.6202031,경남 창원시 의창구 팔용동 42-34,2023-02-16 16:48:53,377
644,2023-02-16 16:48:53,,2023-02-17 18:00:00,N,35.1522738,128.1058908,경남 진주시 가좌동 492-4,2023-02-16 16:48:53,378
645,2023-02-16 16:48:53,,2023-02-17 18:00:00,N,35.20563293,128.6637764,경남 창원시 성산구 성산동 77-1,2023-02-16 16:48:53,379
646,2023-02-16 16:48:53,,2023-02-17 18:00:00,N,35.25915733,128.4206973,경남 함안군 가야읍 광정리 86-4,2023-02-16 16:48:53,380
647,2023-02-16 16:48:53,,2023-02-17 18:00:00,N,35.33521478,129.0063293,경남 양산시 물금읍 범어리 502-1,2023-02-16 16:48:53,381
648,2023-02-16 16:48:53,,2023-02-17 18:00:00,N,35.21051,128.5641423,경남 창원시 마산합포구 교방동 183-4,2023-02-16 16:48:53,382
649,2023-02-16 16:48:53,,2023-02-17 18:00:00,N,35.18025115,128.109748,경남 진주시 상대동 276,2023-02-16 16:48:53,383
650,2023-02-16 16:48:53,,2023-02-17 18:00:00,N,34.86262956,128.7230753,경남 거제시 장승포동 538,2023-02-16 16:48:53,384
651,2023-02-16 16:48:53,,2023-02-17 18:00:00,N,35.25373119,128.2144107,경남 진주시 지수면 용봉리 1066,2023-02-16 16:48:53,385
652,2023-02-16 16:48:53,,2023-02-17 18:00:00,N,35.25951789,128.6337953,경남 창원시 의창구 도계동 331-5,2023-02-16 16:48:53,386
653,2023-02-16 16:48:53,,2023-02-17 18:00:00,N,34.71319274,128.0448021,경남 남해군 미조면 미조리 111-3,2023-02-16 16:48:53,387
654,2023-02-16 16:48:53,,2023-02-17 18:00:00,N,35.10097902,129.0236677,부산 중구 부평동4가 25-1,2023-02-16 16:48:53,388
655,2023-02-16 16:48:53,,2023-02-17 18:00:00,N,35.20526703,129.0871561,부산 동래구 복천동 185,2023-02-16 16:48:53,389
656,2023-02-16 16:48:53,,2023-02-17 18:00:00,N,35.14377013,129.1153966,부산 수영구 남천동 148-4,2023-02-16 16:48:53,390
657,2023-02-16 16:48:53,,2023-02-17 18:00:00,N,35.151645,129.0249385,부산 부산진구 개금동 174-4,2023-02-16 16:48:53,391
658,2023-02-16 16:48:53,,2023-02-17 18:00:00,N,35.1029052,128.9747941,부산 사하구 당리동 325-30,2023-02-16 16:48:53,392
659,2023-02-16 16:48:53,,2023-02-17 18:00:00,N,35.17384673,129.1682705,부산 해운대구 좌동 1278,2023-02-16 16:48:53,393
660,2023-02-16 16:48:53,,2023-02-17 18:00:00,N,35.2086842,129.0356381,부산 북구 만덕동 839-1,2023-02-16 16:48:53,394
661,2023-02-16 16:48:53,,2023-02-17 18:00:00,N,35.13429719,129.08856,부산 남구 대연동 1753-16,2023-02-16 16:48:53,395
662,2023-02-16 16:48:53,,2023-02-17 18:00:00,N,35.15166761,129.0297129,부산 부산진구 가야동 150-27,2023-02-16 16:48:53,396
663,2023-02-16 16:48:53,,2023-02-17 18:00:00,N,35.16447418,129.1596406,부산 해운대구 우동 552-2,2023-02-16 16:48:53,397
664,2023-02-16 16:48:53,,2023-02-17 18:00:00,N,35.15550043,128.9872528,부산 사상구 감전동 119-18,2023-02-16 16:48:53,398
665,2023-02-16 16:48:53,,2023-02-17 18:00:00,N,35.09843078,128.919857,부산 강서구 명지동 3357-7,2023-02-16 16:48:53,399
666,2023-02-16 16:48:53,,2023-02-17 18:00:00,N,35.19284815,128.991317,부산 사상구 모라동 1335-1,2023-02-16 16:48:53,400
667,2023-02-16 16:48:53,,2023-02-17 18:00:00,N,35.2226056,129.0815655,부산 동래구 온천동 46-14,2023-02-16 16:48:53,401
668,2023-02-16 16:48:53,,2023-02-17 18:00:00,N,35.13586546,129.0895794,부산 남구 대연동 1416-24,2023-02-16 16:48:53,402
669,2023-02-16 16:48:53,,2023-02-17 18:00:00,N,35.13596344,129.0977007,부산 남구 대연동 76-1,2023-02-16 16:48:53,403
670,2023-02-16 16:48:53,,2023-02-17 18:00:00,N,35.10131783,129.0294303,부산 중구 신창동2가 14-1,2023-02-16 16:48:53,404
671,2023-02-16 16:48:53,,2023-02-17 18:00:00,N,35.19910559,129.0613008,부산 동래구 사직동 48-18,2023-02-16 16:48:53,405
672,2023-02-16 16:48:53,,2023-02-17 18:00:00,N,35.1966417,129.0575352,부산 동래구 사직동 1017,2023-02-16 16:48:53,406
673,2023-02-16 16:48:53,,2023-02-17 18:00:00,N,35.17196626,129.1094255,부산 수영구 망미동 423-4,2023-02-16 16:48:53,407
674,2023-02-16 16:48:53,,2023-02-17 18:00:00,N,35.14238644,129.1109882,부산 수영구 남천동 148-46,2023-02-16 16:48:53,408
675,2023-02-16 16:48:53,,2023-02-17 18:00:00,N,35.08468526,129.0681836,부산 영도구 동삼동 1123-7,2023-02-16 16:48:53,409
676,2023-02-16 16:48:53,,2023-02-17 18:00:00,N,35.09595379,129.0231224,부산 서구 충무동2가 1-13,2023-02-16 16:48:53,410
677,2023-02-16 16:48:53,,2023-02-17 18:00:00,N,35.15704958,129.0630372,부산 부산진구 전포동 668-1,2023-02-16 16:48:53,411
678,2023-02-16 16:48:53,,2023-02-17 18:00:00,N,35.15004928,128.8604484,부산 강서구 미음동 1571-3,2023-02-16 16:48:53,412
679,2023-02-16 16:48:53,,2023-02-17 18:00:00,N,35.1546774,129.1182783,부산 수영구 광안동 191-2,2023-02-16 16:48:53,413
680,2023-02-16 16:48:53,,2023-02-17 18:00:00,N,35.09999123,129.0370145,부산 중구 중앙동6가 12,2023-02-16 16:48:53,414
681,2023-02-16 16:48:53,,2023-02-17 18:00:00,N,36.61792798,127.4460612,충북 청주시 서원구 개신동 700,2023-02-16 16:48:53,415
682,2023-02-16 16:48:53,,2023-02-17 18:00:00,N,36.62860159,127.4933709,충북 청주시 상당구 서운동 25-6,2023-02-16 16:48:53,416
683,2023-02-16 16:48:53,,2023-02-17 18:00:00,N,36.97411141,127.927238,충북 충주시 봉방동 4-14,2023-02-16 16:48:53,417
684,2023-02-16 16:48:53,,2023-02-17 18:00:00,N,36.15269508,127.9802929,충북 영동군 매곡면 어촌리 128-1,2023-02-16 16:48:53,418
685,2023-02-16 16:48:53,,2023-02-17 18:00:00,N,36.61608339,127.4786624,충북 청주시 서원구 수곡동 348,2023-02-16 16:48:53,419
686,2023-02-16 16:48:53,,2023-02-17 18:00:00,N,36.56216891,127.4400916,충북 청주시 서원구 남이면 척산리 385-19,2023-02-16 16:48:53,420
687,2023-02-16 16:48:53,,2023-02-17 18:00:00,N,36.66777158,127.4857644,충북 청주시 청원구 율량동 898,2023-02-16 16:48:53,421
688,2023-02-16 16:48:53,,2023-02-17 18:00:00,N,37.1284968,128.163941,충북 제천시 신동 130-11,2023-02-16 16:48:53,422
689,2023-02-16 16:48:53,,2023-02-17 18:00:00,N,36.61626963,127.4883649,충북 청주시 서원구 수곡동 57-32,2023-02-16 16:48:53,423
690,2023-02-16 16:48:53,,2023-02-17 18:00:00,N,36.93493598,127.6978731,충북 음성군 음성읍 읍내리 3,2023-02-16 16:48:53,424
691,2023-02-16 16:48:53,,2023-02-17 18:00:00,N,37.13761812,128.2087026,충북 제천시 명동 5-12,2023-02-16 16:48:53,425
692,2023-02-16 16:48:53,,2023-02-17 18:00:00,N,36.98957595,127.9280433,충북 충주시 금릉동 720,2023-02-16 16:48:53,426
693,2023-02-16 16:48:53,,2023-02-17 18:00:00,N,36.63110802,127.4748824,충북 청주시 서원구 사직동 640-3,2023-02-16 16:48:53,427
694,2023-02-16 16:48:53,,2023-02-17 18:00:00,N,36.14608948,127.8952728,충북 영동군 상촌면 임산리 651-1,2023-02-16 16:48:53,428
695,2023-02-16 16:48:53,,2023-02-17 18:00:00,N,36.63661594,127.4531848,충북 청주시 흥덕구 복대동 843-3,2023-02-16 16:48:53,429
696,2023-02-16 16:48:53,,2023-02-17 18:00:00,N,36.67816388,127.4840058,충북 청주시 청원구 주중동 575,2023-02-16 16:48:53,430
697,2023-02-16 16:48:53,,2023-02-17 18:00:00,N,36.25827794,127.8293992,충북 영동군 용산면 구촌리 183-8,2023-02-16 16:48:53,431
698,2023-02-16 16:48:53,,2023-02-17 18:00:00,N,36.85865158,128.0874612,충북 제천시 한수면 송계리 92-1,2023-02-16 16:48:53,432
699,2023-02-16 16:48:53,,2023-02-17 18:00:00,N,36.61879804,127.4958834,충북 청주시 상당구 영운동 163-24,2023-02-16 16:48:53,433
700,2023-02-16 16:48:53,,2023-02-17 18:00:00,N,36.96170834,127.9378733,충북 충주시 용산동 1478,2023-02-16 16:48:53,434
701,2023-02-16 16:48:53,,2023-02-17 18:00:00,N,36.48410551,127.7191749,충북 보은군 보은읍 삼산리 143-32,2023-02-16 16:48:53,435
702,2023-02-16 16:48:53,,2023-02-17 18:00:00,N,36.65156318,127.4764101,충북 청주시 흥덕구 운천동 1279,2023-02-16 16:48:53,436
703,2023-02-16 16:48:53,,2023-02-17 18:00:00,N,36.66837717,127.4924838,충북 청주시 청원구 율량동 871,2023-02-16 16:48:53,437
704,2023-02-16 16:48:53,,2023-02-17 18:00:00,N,36.96593055,127.9301769,충북 충주시 지현동 918-1,2023-02-16 16:48:53,438
705,2023-02-16 16:48:53,,2023-02-17 18:00:00,N,36.63477344,127.4484007,충북 청주시 흥덕구 복대동 630-4,2023-02-16 16:48:53,439
707,2023-02-16 16:48:53,,2023-02-17 18:00:00,N,36.80101594,127.1639419,충남 천안시 동남구 원성동 643-3,2023-02-16 16:48:53,440
708,2023-02-16 16:48:53,,2023-02-17 18:00:00,N,36.68909236,126.81492,충남 예산군 오가면 신원리 505-1,2023-02-16 16:48:53,441
709,2023-02-16 16:48:53,,2023-02-17 18:00:00,N,36.77995282,127.3545329,충남 천안시 동남구 동면 동산리 345-4,2023-02-16 16:48:53,442
710,2023-02-16 16:48:53,,2023-02-17 18:00:00,N,36.36044912,126.5999673,충남 보령시 죽정동 654-1,2023-02-16 16:48:53,443
711,2023-02-16 16:48:53,,2023-02-17 18:00:00,N,36.83130914,127.1775806,충남 천안시 동남구 안서동 542-10,2023-02-16 16:48:53,444
712,2023-02-16 16:48:53,,2023-02-17 18:00:00,N,36.8082541,127.1489465,충남 천안시 동남구 대흥동 89-2,2023-02-16 16:48:53,445
713,2023-02-16 16:48:53,,2023-02-17 18:00:00,N,36.15588177,127.0137437,충남 논산시 강경읍 대흥리 17-9,2023-02-16 16:48:53,446
714,2023-02-16 16:48:53,,2023-02-17 18:00:00,N,36.60386052,126.5507841,충남 홍성군 갈산면 상촌리 169-18,2023-02-16 16:48:53,447
715,2023-02-16 16:48:53,,2023-02-17 18:00:00,N,36.8041778,127.1079535,충남 천안시 서북구 불당동 963,2023-02-16 16:48:53,448
716,2023-02-16 16:48:53,,2023-02-17 18:00:00,N,36.76461587,126.6022194,충남 서산시 운산면 용현리 163,2023-02-16 16:48:53,449
717,2023-02-16 16:48:53,,2023-02-17 18:00:00,N,36.88607846,126.7615355,충남 당진시 신평면 금천리 1009-3,2023-02-16 16:48:53,450
718,2023-02-16 16:48:53,,2023-02-17 18:00:00,N,36.0997695,127.4901792,충남 금산군 금산읍 하옥리 339-3,2023-02-16 16:48:53,451
719,2023-02-16 16:48:53,,2023-02-17 18:00:00,N,36.27887333,126.9107866,충남 부여군 부여읍 구아리 304-2,2023-02-16 16:48:53,452
720,2023-02-16 16:48:53,,2023-02-17 18:00:00,N,36.34451804,126.6032045,충남 보령시 동대동 1905,2023-02-16 16:48:53,453
721,2023-02-16 16:48:53,,2023-02-17 18:00:00,N,36.29643085,127.1410909,충남 논산시 상월면 신충리 58-2,2023-02-16 16:48:53,454
722,2023-02-16 16:48:53,,2023-02-17 18:00:00,N,36.59692423,126.6603588,충남 홍성군 홍성읍 오관리 445-5,2023-02-16 16:48:53,455
723,2023-02-16 16:48:53,,2023-02-17 18:00:00,N,36.32745892,126.5049121,충남 보령시 신흑동 950-16,2023-02-16 16:48:53,456
724,2023-02-16 16:48:53,,2023-02-17 18:00:00,N,36.93525072,126.436033,충남 서산시 대산읍 대산리 148-2,2023-02-16 16:48:53,457
725,2023-02-16 16:48:53,,2023-02-17 18:00:00,N,36.94303683,126.7823149,충남 당진시 송악읍 복운리 1646-9,2023-02-16 16:48:53,458
726,2023-02-16 16:48:53,,2023-02-17 18:00:00,N,34.70121399,127.2683055,전남 고흥군 두원면 대전리 315-2,2023-02-16 16:48:53,459
727,2023-02-16 16:48:53,,2023-02-17 18:00:00,N,34.61878172,126.5100385,전남 해남군 산이면 노송리 201-2,2023-02-16 16:48:53,460
728,2023-02-16 16:48:53,,2023-02-17 18:00:00,N,34.52791019,127.1410064,전남 고흥군 도양읍 봉암리 3262,2023-02-16 16:48:53,461
729,2023-02-16 16:48:53,,2023-02-17 18:00:00,N,34.74122254,127.6471049,전남 여수시 소호동 427,2023-02-16 16:48:53,462
730,2023-02-16 16:48:53,,2023-02-17 18:00:00,N,34.8078949,126.4275749,전남 목포시 옥암동 969-1,2023-02-16 16:48:53,463
731,2023-02-16 16:48:53,,2023-02-17 18:00:00,N,35.05956343,126.9832459,전남 화순군 화순읍 삼천리 621,2023-02-16 16:48:53,464
732,2023-02-16 16:48:53,,2023-02-17 18:00:00,N,34.57616654,126.4340334,전남 해남군 황산면 우항리 486-1,2023-02-16 16:48:53,465
733,2023-02-16 16:48:53,,2023-02-17 18:00:00,N,35.20652921,126.9791439,전남 담양군 고서면 분향리 168-1,2023-02-16 16:48:53,466
734,2023-02-16 16:48:53,,2023-02-17 18:00:00,N,34.9487689,127.4912977,전남 순천시 장천동 86-2,2023-02-16 16:48:53,467
735,2023-02-16 16:48:53,,2023-02-17 18:00:00,N,34.79801054,126.432057,전남 목포시 상동 1131-1,2023-02-16 16:48:53,468
736,2023-02-16 16:48:53,,2023-02-17 18:00:00,N,34.94505562,127.5134901,전남 순천시 연향동 418-18,2023-02-16 16:48:53,469
737,2023-02-16 16:48:53,,2023-02-17 18:00:00,N,34.97212607,127.5889833,전남 광양시 광양읍 인동리 270-2,2023-02-16 16:48:53,470
738,2023-02-16 16:48:53,,2023-02-17 18:00:00,N,34.79693522,126.3979416,전남 목포시 용당동 1077-15,2023-02-16 16:48:53,471
739,2023-02-16 16:48:53,,2023-02-17 18:00:00,N,34.80812562,126.4314829,전남 목포시 옥암동 979-7,2023-02-16 16:48:53,472
740,2023-02-16 16:48:53,,2023-02-17 18:00:00,N,34.80541483,126.4316654,전남 목포시 옥암동 1010,2023-02-16 16:48:53,473
741,2023-02-16 16:48:53,,2023-02-17 18:00:00,N,34.94740186,127.6974399,전남 광양시 중동 1713-3,2023-02-16 16:48:53,474
742,2023-02-16 16:48:53,,2023-02-17 18:00:00,N,34.94564762,127.5264272,전남 순천시 연향동 1505-6,2023-02-16 16:48:53,475
743,2023-02-16 16:48:53,,2023-02-17 18:00:00,N,34.79410407,126.3801752,전남 목포시 남교동 34,2023-02-16 16:48:53,476
744,2023-02-16 16:48:53,,2023-02-17 18:00:00,N,34.48130592,126.2636003,전남 진도군 진도읍 남동리 500,2023-02-16 16:48:53,477
745,2023-02-16 16:48:53,,2023-02-17 18:00:00,N,34.95024789,127.5202476,전남 순천시 연향동 1344,2023-02-16 16:48:53,478
746,2023-02-16 16:48:53,,2023-02-17 18:00:00,N,34.94125,127.5108852,전남 순천시 덕암동 151,2023-02-16 16:48:53,479
747,2023-02-16 16:48:53,,2023-02-17 18:00:00,N,34.81546716,126.3560296,전남 신안군 압해읍 신장리 산154,2023-02-16 16:48:53,480
751,2023-02-16 16:53:30,,2023-02-17 18:00:00,N,35.89290062,126.9116123,전북 김제시 공덕면 공덕리 345-2,2023-02-16 16:53:50,481
752,2023-02-16 16:53:48,,2023-02-17 18:00:00,N,35.9440672,126.9348294,전북 익산시 송학동 265-21,2023-02-16 16:53:50,482
753,2023-02-16 16:53:49,,2023-02-17 18:00:00,N,35.40658654,127.389987,전북 남원시 신촌동 437,2023-02-16 16:53:50,483
754,2023-02-16 16:53:50,,2023-02-17 18:00:00,N,35.90842843,127.0655478,전북 완주군 삼례읍 후정리 268-3,2023-02-16 16:53:50,484
755,2023-02-16 16:53:50,,2023-02-17 18:00:00,N,35.78969956,127.1131135,전북 전주시 완산구 삼천동1가 417-7,2023-02-16 16:53:50,485
756,2023-02-16 16:53:50,,2023-02-17 18:00:00,N,35.72668828,126.7316769,전북 부안군 부안읍 서외리 42-65,2023-02-16 16:53:50,486
757,2023-02-16 16:53:50,,2023-02-17 18:00:00,N,35.85373985,127.1546816,전북 전주시 덕진구 우아동3가 602-48,2023-02-16 16:53:50,487
758,2023-02-16 16:53:50,,2023-02-17 18:00:00,N,35.9691046,126.6783748,전북 군산시 산북동 3533-12,2023-02-16 16:53:50,488
759,2023-02-16 16:53:50,,2023-02-17 18:00:00,N,35.60791994,127.2808815,전북 임실군 임실읍 이도리 508,2023-02-16 16:53:50,489
760,2023-02-16 16:53:50,,2023-02-17 18:00:00,N,35.99873014,126.9451083,전북 익산시 황등면 황등리 1041-1,2023-02-16 16:53:50,490
761,2023-02-16 16:53:50,,2023-02-17 18:00:00,N,35.93433411,126.9626987,전북 익산시 마동 349-1,2023-02-16 16:53:50,491
762,2023-02-16 16:53:50,,2023-02-17 18:00:00,N,36.03730198,126.9520289,전북 익산시 함열읍 다송리 509-13,2023-02-16 16:53:50,492
763,2023-02-16 16:53:50,,2023-02-17 18:00:00,N,35.83827282,127.5686342,전북 진안군 동향면 대량리 795-2,2023-02-16 16:53:50,493
764,2023-02-16 17:04:43,,2023-02-17 18:00:00,N,33.2508772,126.5615565,제주특별자치도 서귀포시 서귀동 290-5,2023-02-16 17:04:43,494
765,2023-02-16 17:04:43,,2023-02-17 18:00:00,N,33.24817899,126.5590147,제주특별자치도 서귀포시 서귀동 319-2,2023-02-16 17:04:43,495
766,2023-02-16 17:04:43,,2023-02-17 18:00:00,N,33.41236333,126.26486,제주특별자치도 제주시 한림읍 한림리 1199-3,2023-02-16 17:04:43,496
767,2023-02-16 17:04:43,,2023-02-17 18:00:00,N,33.48597795,126.4748872,제주특별자치도 제주시 노형동 2613-7,2023-02-16 17:04:43,497
768,2023-02-16 17:04:43,,2023-02-17 18:00:00,N,33.51133884,126.5179557,제주특별자치도 제주시 용담일동 135-9,2023-02-16 17:04:43,498
777,2023-02-16 21:12:48.207000,,2023-02-17 21:00:00,N,36.3218043721867,127.33885654913558,대전 서구 도안동 800,2023-02-16 21:02:45,1021
782,2023-02-16 23:59:22.656000,,2023-02-17 23:00:00,N,36.32481516097198,127.33855775527984,대전 서구 도안동 800,2023-02-16 23:02:00,1008
788,2023-02-17 00:25:14.773000,,2023-02-17 19:00:00,N,36.3403829188896,127.35867521661454,대전 서구 월평동 산 36-1,2023-02-17 00:02:00,992
789,2023-02-17 00:29:45.325000,,2023-02-17 01:00:00,N,36.36636209737765,127.36222634792921,대전 유성구 구성동 23,2023-02-17 00:02:00,1017
790,2023-02-17 00:39:38.352000,,2023-02-17 01:00:00,N,36.32180363111518,127.29127109970526,대전 유성구 성북동 산 1-7,2023-02-17 00:02:00,1025
796,2023-02-17 01:14:04.864000,,2023-02-17 11:00:00,N,36.34647720087472,127.31975837859936,대전 유성구 구암동 산 30-3,2023-02-17 01:02:00,1029
799,2023-02-17 01:20:48.619000,,2023-02-18 01:00:00,N,36.36854590795208,127.36124474805625,대전 유성구 구성동 23,2023-02-17 01:02:00,1030
805,2023-02-17 02:02:50.699000,,2023-02-18 02:00:00,N,36.40174998193257,127.39388272240946,대전 유성구 전민동 산 18-17,2023-02-17 02:02:00,1031
810,2023-02-17 02:11:25.056000,,2023-02-17 21:00:00,N,36.3830272518839,127.23960792279068,충남 공주시 반포면 하신리 223-2,2023-02-17 02:02:00,991
813,2023-02-17 02:34:23.913000,,2023-02-18 02:00:00,N,36.34041555244772,127.22785937519808,충남 계룡시 신도안면 용동리 산 56,2023-02-17 02:02:00,1032
817,2023-02-17 02:40:00.716000,,2023-02-18 02:00:00,N,36.35507238895917,127.14454453692588,충남 공주시 계룡면 유평리 11-3,2023-02-17 02:02:00,986
822,2023-02-17 03:00:57.942000,,2023-02-18 03:00:00,N,36.20180582566346,127.33749355314274,대전 서구 장안동 산 31-1,2023-02-17 03:02:00,1
823,2023-02-17 03:04:56.609000,,2023-02-18 03:00:00,N,36.2912301707924,127.57601194749394,충북 옥천군 옥천읍 장야리 402,2023-02-17 03:02:00,1013
825,2023-02-17 04:00:17.862000,,2023-02-18 04:00:00,N,36.33764975511107,127.33148461383163,대전 유성구 상대동 570-62,2023-02-17 04:02:00,1007
826,2023-02-17 05:37:40.846000,,2023-02-18 05:00:00,N,36.35430135726737,127.34341471807602,대전 유성구 봉명동 550-3,2023-02-17 05:02:00,1034
829,2023-02-17 06:04:22.952000,,2023-02-18 06:00:00,N,36.35428401413657,127.34317789726441,대전 유성구 봉명동 550-9,2023-02-17 06:02:00,1036
832,2023-02-17 07:00:23.460000,,2023-02-17 21:00:00,N,36.35339020718576,127.34217965796763,대전 유성구 봉명동 1058,2023-02-17 07:02:00,1006
847,2023-02-17 09:42:15.715000,,2023-02-18 09:00:00,N,36.3548715986806,127.30069143122479,대전 유성구 덕명동 132,2023-02-17 09:02:00,10
848,2023-02-17 09:43:58.708000,,2023-02-18 09:00:00,N,36.35496094639474,127.29830202291477,대전 유성구 덕명동 124,2023-02-17 09:02:00,1023
849,2023-02-17 09:50:25.589000,,2023-02-17 14:00:00,N,36.35298209773793,127.2995088150608,대전 유성구 덕명동 150-6,2023-02-17 09:02:00,1033
